Review_Text,Rating,Date,App_Name
"The app used to work great. But the past month when my card auto reloads from venmo, it won't update the amount and has been stuck on the same number for weeks. I can't delete or add new credit cards, it's completely broken. I just get an error message every time and I can't get it to fix. I'm at a loss and it's very frustrating.",2,2026-07-27 05:18:24,com.starbucks.mobilecard
"love it! very EZ full of color, EZ to navigate.",5,2026-07-27 05:17:32,com.starbucks.mobilecard
Excellent amazing,5,2026-07-27 01:25:57,com.starbucks.mobilecard
Great app! Fast pick up,5,2026-07-26 23:36:43,com.starbucks.mobilecard
"Super Convenient...a little expensive though, right?",5,2026-07-26 22:49:24,com.starbucks.mobilecard
"I've never had an issue and have been using the app for over 6 years or so. today I went to pay via the app, as I always do, and this is what I got. What does this mean?? ""UNKNOWN AGE, WE ARE UNABLE TO VERIFY YOUR AGE WITH THE PLAY STORE. IF YOU ARE UNDER 18 ASK YOUR PARENT IR GUARDIAN FOR ASSISTANCE""",1,2026-07-26 22:46:56,com.starbucks.mobilecard
App is full of bugs exactly at the moment of fulfillment where you expect to get a clear outcome and instead it spins endlessly and often fails,2,2026-07-26 22:37:29,com.starbucks.mobilecard
stop nagging me to rate your app!,1,2026-07-26 19:46:40,com.starbucks.mobilecard
"Until recently, I was able to add a tip through the app. That function has been disabled or removed. Please reinstate it.",1,2026-07-26 19:41:24,com.starbucks.mobilecard
I was logged out. Then I can't log in. I go to reset my password. I still can't log in with the password I just reset it to. It's knd of annoying when I have money on my account I can't access.,1,2026-07-26 18:39:28,com.starbucks.mobilecard
"every half a year I need to use this app it asks for updates and require a sign in again, it just 2 buttons to buy a coffee why update every time qoth loss of auth",1,2026-07-26 18:08:09,com.starbucks.mobilecard
Easy to use.,5,2026-07-26 17:36:26,com.starbucks.mobilecard
outstanding customer service.,5,2026-07-26 14:38:22,com.starbucks.mobilecard
"Just downloaded the upate, and now I can not sign into my account.",1,2026-07-26 08:52:44,com.starbucks.mobilecard
love Starbucks,5,2026-07-26 07:22:23,com.starbucks.mobilecard
keeps asking for age verification like bro I'm 32 yrs old I just want my Frappuccino without the issues lol,1,2026-07-26 07:13:43,com.starbucks.mobilecard
great service,5,2026-07-26 03:34:18,com.starbucks.mobilecard
Love the protein milk options after the gym!,5,2026-07-26 03:19:14,com.starbucks.mobilecard
"stupid app is not letting me login.. it's asking for an age verification, but does NOT provide a link or any help! 🤬😡",1,2026-07-26 03:01:52,com.starbucks.mobilecard
the app is having age less than 18 error for no reason,1,2026-07-26 00:11:56,com.starbucks.mobilecard
easy to use especially when it's busy,5,2026-07-25 21:50:25,com.starbucks.mobilecard
I can't use my app because it's asking me to verify age and not giving me the option to do so.,1,2026-07-25 21:39:41,com.starbucks.mobilecard
Their employees are awesome always GREAT service and GREAT coffee to❤️,5,2026-07-25 20:46:55,com.starbucks.mobilecard
age error in latest version,1,2026-07-25 20:32:22,com.starbucks.mobilecard
"APP STOPPED WORKING! AGE VERIFICATION FAIL! been using the app for years to order, now when I open it says failed to verify my age in the app store! I checked and my app store age IS correct and verified, uninstalled, wiped the storage on the app, and even when I open it I dont get the option to start a new account or anything! Just jumps to the page where it says it cant verify my age and theres no option to do ANYTHJNG further to fix it! its infuriating honestly.",1,2026-07-25 20:20:26,com.starbucks.mobilecard
no wait exactly what I ordered,5,2026-07-25 19:07:06,com.starbucks.mobilecard
nice,5,2026-07-25 19:02:22,com.starbucks.mobilecard
"Can't update information through app. Keep getting ""a system error has occurred.""",1,2026-07-25 18:07:06,com.starbucks.mobilecard
the people running the drive through don't know what they are doing they charge you for what you get and you try to reload they charge you for the next person also they need to check the people out more before they hire them in Lebanon ind.,1,2026-07-25 17:42:23,com.starbucks.mobilecard
SO EASY!,5,2026-07-25 16:55:30,com.starbucks.mobilecard
ok,5,2026-07-25 15:58:48,com.starbucks.mobilecard
I have tried four separate times to order via the app in the last month and none worked. at one pint the search tool couldn't find cake pops. I have reinstalled it more than once and nothing changes.,2,2026-07-25 15:53:36,com.starbucks.mobilecard
1 star for charging $1 per pump of syrup on UberEats and DoorDash,1,2026-07-25 15:38:29,com.starbucks.mobilecard
needs a dark/night mode setting,1,2026-07-25 02:49:20,com.starbucks.mobilecard
easy to use,5,2026-07-25 02:03:17,com.starbucks.mobilecard
"I hate Starbucks and how they treat their employees and customers. Find an alternative, like Caribou Coffee or locally owned shops. They only give you 1 shot of espresso in the two smallest sizes and 1.5 shots in the Venti. You're paying for milk and watered down espresso. Zero stars if I could rate it accordingly.",1,2026-07-25 01:34:34,com.starbucks.mobilecard
"What is there that isn't great? Great app, great coffee, great service. Every thing is perfect. And delicious. Oh, the prices, they are not so great. Such is the price of success",5,2026-07-24 23:58:34,com.starbucks.mobilecard
do not like the update can confirm my age even even though my age has already been verified with google.,2,2026-07-24 23:43:19,com.starbucks.mobilecard
No store around me will allow customers to order from the app.,1,2026-07-24 22:56:29,com.starbucks.mobilecard
So easy to use! Love getting a quick coffee at my finger tips.,5,2026-07-24 21:55:07,com.starbucks.mobilecard
works well wish you could pay cash on pickup as an option,5,2026-07-24 21:48:58,com.starbucks.mobilecard
"The point system is a joke I spent $65 in one day and got maybe 10 points if that, on multiple occasions.",1,2026-07-24 21:12:10,com.starbucks.mobilecard
"star bucks is the coffee brand I always drink but the app itself is at an unknown age glitched and sign in too. all apps need to ask for age, inside of the apps to fill out because Google Play is glitching out a lot. the website is perfectly fine. also a golden goose customer is an extremely loyal customer and keeps coming back for more of the brand products of purchase.",1,2026-07-24 20:26:12,com.starbucks.mobilecard
I love everything about Starbucks,5,2026-07-24 20:24:46,com.starbucks.mobilecard
need to simplify joincards,4,2026-07-24 19:48:27,com.starbucks.mobilecard
App keeps saying it can't verify my age so I can't use it. Have tried everything to fix it. Age is correct..I'm old. Dont have time to log i to the web everytime to order.,1,2026-07-24 19:24:14,com.starbucks.mobilecard
easy to use,5,2026-07-24 17:00:33,com.starbucks.mobilecard
"User friendly. Makes ordering quick, easy, and convenient.",5,2026-07-24 16:53:29,com.starbucks.mobilecard
locked me out and offers no resolution,1,2026-07-24 16:09:36,com.starbucks.mobilecard
so easy to make a mobile order!,5,2026-07-24 15:49:55,com.starbucks.mobilecard
5 stars because who doesn't like free stuff and espresso 🤷🏼‍♂️ cept I haven't been receiving my stars after scanning been ongoing all week. what's up Bucks?,5,2026-07-24 15:41:56,com.starbucks.mobilecard
the carneral frabb is the best and I've been going there 3 years no,5,2026-07-24 11:29:41,com.starbucks.mobilecard
can't verify my age on the app and won't let me use it properly yes my account has my age updated it is correct update: I uninstalled the app... keep getting the same message,1,2026-07-24 06:34:42,com.starbucks.mobilecard
"horrible won't let me in, im 56 years old",1,2026-07-24 03:49:34,com.starbucks.mobilecard
"Was here this morning. I returned because the air conditioning is cold. Much needed relief. A good friend of mine from China told me once, when I asked her an open ended question, ""what is the biggest difference between the USA and China?"" Her response was quick, and revealing. She said ""the AIR"". This Starbucks made me think of her. I'm grateful, I also was able to catch 12:10pm mass at Guardian Angels Cathedral. Check it out when you visit Las Vegas, and say hello to your Guardian Angel!",5,2026-07-24 02:34:33,com.starbucks.mobilecard
"They took tipping after payment out of the app! I don't know if you can still do it on mobile orders, but I always use the app in person because my barista buds are chatty and fun, and then hit the receipt icon to tip after I go sit down. It was literally working yesterday, too. edit: and when I called corporate, the person on the phone claimed tipping in the app was ""new"" functionality that was still rolling out and we wouldn't see it until December. Absolutely clueless support.",1,2026-07-24 00:07:46,com.starbucks.mobilecard
love coffee. love the app. 5 stars.,5,2026-07-23 19:21:27,com.starbucks.mobilecard
I had a great experience they took care of me very professional and friendly,5,2026-07-23 17:22:55,com.starbucks.mobilecard
super fast service,5,2026-07-23 16:17:40,com.starbucks.mobilecard
"Love it! Starbies is the best, period.",5,2026-07-23 15:42:07,com.starbucks.mobilecard
barrage of morally wrong things that I didn't know about. lots of mom pop to support instead.,1,2026-07-23 12:37:45,com.starbucks.mobilecard
Unable to use the app because it says that it cannot verify my age. But my DOB has been the same on my google play app for years.,1,2026-07-23 07:43:59,com.starbucks.mobilecard
"I have never had an issue with the app through the years but all of the sudden its saying it cannot confirm my age with the Play Store being over 18 to use the app. Everything I've done confirms my age! *update- Google Play has my age verified, so I'm not sure what is wrong otherwise. I have ordered directly online otherwise.",1,2026-07-23 03:39:42,com.starbucks.mobilecard
Too much crashing!,3,2026-07-23 03:08:41,com.starbucks.mobilecard
I have double checked my birthdate in my Google account. Everything is correct and this app is still blocking my access.,1,2026-07-23 02:35:33,com.starbucks.mobilecard
Verify Age?? it won't let me order because it says it can't verify my age through Google Play but then Google says I don't need to verify my age at all.,1,2026-07-23 02:19:47,com.starbucks.mobilecard
good,5,2026-07-23 02:03:10,com.starbucks.mobilecard
won't let me use it because of unknown age after I have been using it for years.,1,2026-07-23 01:03:33,com.starbucks.mobilecard
only thing I dislike was losing my points,5,2026-07-22 23:06:07,com.starbucks.mobilecard
"This app no longer works. It won't even open. Only says my age can't be verified, and nothing else happens. Please fix this bug so we can use this app and get points for purchases. My birthday is listed correctly, and I'm well over 18 years old. Please fix the glitch that so many are experiencing.",1,2026-07-22 19:17:06,com.starbucks.mobilecard
since the latest update. when I open the app. I get a prompt that my age can't be verified with Google play.. it doesn't allow me to do or see anything else... I am 40yrs and don't need to prove anything to anyone... I have checked and my birth date is correct in my Google account,1,2026-07-22 18:40:28,com.starbucks.mobilecard
the unknown age response issue is preventing use of the app and in turn my gift card balance since I only use the app to access my gift card balance.,1,2026-07-22 18:06:11,com.starbucks.mobilecard
"neen using the app for over 7 years without a major problem until these past few months. Age verification-like what is this? I'm over 40 years old and can't use the app because there is an age verification problem with the play store. ive uninstalled last month and started over to see if anything changed today, NOPE still telling me about age verification.",1,2026-07-22 17:06:23,com.starbucks.mobilecard
This app allows you to order items that aren't available at the location which results in you getting a substitution. I would have just rather not ordered at all had I known I wasn't going to get what I asked for.,1,2026-07-22 16:35:31,com.starbucks.mobilecard
67 grams of sugar (thats 16.7 teaspoons of sugar) in a single cup of S'mores Frappuccino Blended !!! seriously Starbucks !!,2,2026-07-22 16:14:14,com.starbucks.mobilecard
Love all the choices.,5,2026-07-22 14:39:59,com.starbucks.mobilecard
Great saving time,5,2026-07-22 14:10:47,com.starbucks.mobilecard
thanks google for what is you do that I can't see nor understand and making me feel it's worth it still,3,2026-07-22 12:53:31,com.starbucks.mobilecard
"💚 easy to use, reload, and keep track of purchases",5,2026-07-22 09:18:01,com.starbucks.mobilecard
BROKEN- age verification is not working....my Google store account IS up to date. Try again Starbucks. I will not go to another store while this app is broken.,1,2026-07-22 04:17:57,com.starbucks.mobilecard
right when I open the app it just gives me a message that it can't verify my age in Google Play and than won't do anything,1,2026-07-22 02:18:50,com.starbucks.mobilecard
Always nom nom nommmmmmmy!,5,2026-07-22 01:47:20,com.starbucks.mobilecard
Starbucks at sephoria,5,2026-07-22 01:45:43,com.starbucks.mobilecard
love having my app. leave from home or work and they have it ready for me!!,5,2026-07-22 01:09:16,com.starbucks.mobilecard
"It could never find a store near me, and I couldn't use my free birthday drink:(",1,2026-07-21 22:37:51,com.starbucks.mobilecard
"A good app, it's everything you can want from a Starbucks app",4,2026-07-21 21:42:34,com.starbucks.mobilecard
maybe a column where we can type the instructions will be nice,4,2026-07-21 21:41:16,com.starbucks.mobilecard
Instant gratification❣️,5,2026-07-21 21:35:04,com.starbucks.mobilecard
- 5 Stars Unknown age.... Says I need to talk to my mommy.... I'm 58!!!!!! I can't open my app.... but I could charge $20 that I can't use now.... DUMB @Starbucks.... my birthday is listed correctly!,1,2026-07-21 20:36:50,com.starbucks.mobilecard
keeps asking me to verify age. my Google account is correct. soooooo now what? I'm not ordering on website.,1,2026-07-21 20:22:42,com.starbucks.mobilecard
"I love Starbucks! lattes are delicious, there's one nearby, too",5,2026-07-21 18:21:35,com.starbucks.mobilecard
"I don't know what you did to change it, but all of a sudden, I can't get into the app.It is telling me that the play store can't verify my age. i tried uninstalling the app and reinstalling the app and it just keeps doing the same thing, giving me a green screen, saying the play store cannot verify your age and won't let me into the app. please fix this.",1,2026-07-21 18:20:07,com.starbucks.mobilecard
Very convenient and pretty ready to find what you need. The only issue I still have with it is that it's hard to figure out how to actually use your points.,5,2026-07-21 17:33:01,com.starbucks.mobilecard
best crew ever,4,2026-07-21 16:13:23,com.starbucks.mobilecard
quick and easy and the employees are so friendly and helpful,5,2026-07-21 15:48:01,com.starbucks.mobilecard
"Easy, efficient, detailed. Makes coming to get food and a drink on the way to work much easier and expedited.",5,2026-07-21 15:47:41,com.starbucks.mobilecard
yummy starbucks. easy to use. always great service,5,2026-07-21 15:46:02,com.starbucks.mobilecard
great job with the drinks,5,2026-07-21 15:38:44,com.starbucks.mobilecard
"I have tried everything, went online, updated all information, deleted app, reinstalled but it still says I am under the age of 18. Can't order anymore.",1,2026-07-21 15:08:02,com.starbucks.mobilecard
this app is unworkable,1,2026-07-21 05:39:43,com.starbucks.mobilecard
I love it,5,2026-07-27 02:56:47,com.dunkinbrands.otgo
I just wish you could customize more,4,2026-07-27 00:43:52,com.dunkinbrands.otgo
Awesome place for coffee and doughnuts. Friendly staff members.,5,2026-07-26 23:28:07,com.dunkinbrands.otgo
"Very handy to get my order all set up in the app and when I'm a few minutes from arriving I click ""order"" and it's perfect. Walk in, stuff is always ready. No waiting in line at the drive-thru or the counter. Walk in, show the nice lady my mobile device, and boom, breakfast sandwich. Thankyou.",5,2026-07-26 22:24:39,com.dunkinbrands.otgo
Always an issue trying to load funds or mobile order. With NO clear solution 👎🏾,1,2026-07-26 21:37:06,com.dunkinbrands.otgo
doesn't take very long to earn points for free stuff!,5,2026-07-26 18:44:20,com.dunkinbrands.otgo
love it,5,2026-07-26 18:41:49,com.dunkinbrands.otgo
"I go so often that they know me and my order! my Dunkin squad are basically family now lol 😆😆😆 Livonia , middlebelt all the staff are fantastic ! the GIANT CINNAMON ROLLS are my favorite 😍",5,2026-07-26 17:51:59,com.dunkinbrands.otgo
"I love the food, though I wish it wasn't so pricey for small portions",4,2026-07-26 17:23:12,com.dunkinbrands.otgo
"This app used to have all kinds of offers for free items and such. But now it's like they never have any offers, except double points",2,2026-07-26 16:58:24,com.dunkinbrands.otgo
awesome,5,2026-07-26 15:59:08,com.dunkinbrands.otgo
begging for tips now and credit card offers after I order through the app?!?!?! pathetic.. pay your employees appropriately! and stop begging the customer to compensate for corporate greed,1,2026-07-26 15:39:28,com.dunkinbrands.otgo
very friendly person at the window,5,2026-07-26 07:09:51,com.dunkinbrands.otgo
wonderful,5,2026-07-26 01:23:55,com.dunkinbrands.otgo
love fluffnutter frozen,5,2026-07-25 22:03:00,com.dunkinbrands.otgo
There's no option/ way to submit an order issue.,1,2026-07-25 21:50:38,com.dunkinbrands.otgo
I go to Dunkin just about 7 days a week so I use my card all the time and at least once a week I get a free large iced coffee if you go to Dunkin this is a good app,5,2026-07-25 20:00:15,com.dunkinbrands.otgo
Love this app. Lots of perks you will enjoy with the best coffee.,5,2026-07-25 17:41:41,com.dunkinbrands.otgo
the new updated app rarely opens to make an order smh,1,2026-07-25 16:35:10,com.dunkinbrands.otgo
good,5,2026-07-25 15:17:51,com.dunkinbrands.otgo
great!,5,2026-07-25 06:15:55,com.dunkinbrands.otgo
good love it,5,2026-07-25 05:24:59,com.dunkinbrands.otgo
Love Dunkins iced coffees and variety of drinks and flavors!,5,2026-07-25 02:48:44,com.dunkinbrands.otgo
I really enjoy it so far it's simple easy I haven' Has any issues with my orders at this point,5,2026-07-25 02:13:49,com.dunkinbrands.otgo
"its always a great place to go to when traveling anywhere, I mostly have had a positive experience.",5,2026-07-25 00:50:54,com.dunkinbrands.otgo
"""THERE WAS AN ISSUE PROCESSING YOUR CARD"", guess you guys don't want my money then.",2,2026-07-24 22:21:19,com.dunkinbrands.otgo
love the coffee ☕️,5,2026-07-24 21:27:34,com.dunkinbrands.otgo
works well to get exactly what you want,5,2026-07-24 20:05:44,com.dunkinbrands.otgo
Dunkin app is easy to use. 😍,5,2026-07-24 19:54:00,com.dunkinbrands.otgo
"Great selection, excellent customer service",5,2026-07-24 17:07:30,com.dunkinbrands.otgo
"my most favorite coffee place!! I highly recommend a medium cold brew with one pump of coconut, 2 pumps of caramel, 1 pump of liquid cane sugar, and marshmallow cold foam. its the best thing to drink!!",5,2026-07-24 16:16:18,com.dunkinbrands.otgo
love there coffee,5,2026-07-24 15:48:19,com.dunkinbrands.otgo
7/24/2026. ordered online for walk in since drive thru usually has a long line. no one in drive thru line. walked in - not ready. waited 10 mins. nothing. cars coming and going. 3 walk ups came and left. went through drive thru. not ready. after 15 minutes I walked in to see about getting a refund and my order was just waiting at the pick up area. late to work. unacceptable. and I caught the young girl talking badly about me to the trainee. not going there again. sorry not sorry.,1,2026-07-24 15:44:02,com.dunkinbrands.otgo
The app is pretty good. The reward exchange isn't all that great. Very little points gained but a lot of points used when redeeming.,4,2026-07-24 14:53:47,com.dunkinbrands.otgo
the App needs to allow more customization not enough too limited,3,2026-07-24 14:49:27,com.dunkinbrands.otgo
"I go everyday Monday through Friday before work. coffee, wake up wraps, and snacking bacon.",5,2026-07-24 14:19:39,com.dunkinbrands.otgo
excellent 👌,5,2026-07-24 12:48:42,com.dunkinbrands.otgo
can't even order my drink because there's no sweetened or unsweetened flavor options for black tea edit: 2 months later and still cant,1,2026-07-24 12:39:45,com.dunkinbrands.otgo
"Do NOT use this app. I opened an account on 7/2/2026 and placed an order to a location near me. According to the store's manager, the order never came through, but I was charged for it. I placed a new order and was told by the manager Dunkin doesn't own this app and I have to get a refund from this other company. I submitted a request for the refund. Now almost 4 weeks later, nothing from the company, and the store manager isn't returning my calls.",1,2026-07-24 02:38:56,com.dunkinbrands.otgo
love it the accessibility,5,2026-07-23 21:08:59,com.dunkinbrands.otgo
excelent,5,2026-07-23 20:41:04,com.dunkinbrands.otgo
app glitch!: I chose 3 CT donut hole reward but app adds the add on drink option instead!,2,2026-07-23 20:15:02,com.dunkinbrands.otgo
excellent,5,2026-07-23 19:31:44,com.dunkinbrands.otgo
they always make my coffee great smile and friendly service,5,2026-07-23 16:17:13,com.dunkinbrands.otgo
so easy to use,5,2026-07-23 15:44:27,com.dunkinbrands.otgo
Dunkin on Kings Drive always give superior customer service and the newly renovated place is always clean,5,2026-07-23 12:49:57,com.dunkinbrands.otgo
"The app functions well when it actually loads. Every morning I want to use it, I have to go into app info, force stop, clear cache, restart my phone, then maybe all app functions will properly load. No, I'm not going to change my password again to see if it'll help. Dunkin is worth millions to billions, use that money to hire at least one more IT person",2,2026-07-23 12:06:53,com.dunkinbrands.otgo
I do not eat at dunking donuts,1,2026-07-23 11:41:41,com.dunkinbrands.otgo
'cause it is easy to read the menu,5,2026-07-23 03:56:16,com.dunkinbrands.otgo
I'm a bit upset that you have to activate certain offers. I had already visited three times until I saw the offer that expired that same day. at a minimum the offer should have been activated retroactively.,2,2026-07-23 01:44:48,com.dunkinbrands.otgo
Better than starblechs 🤢 love Dunkin 🧋,5,2026-07-23 00:17:38,com.dunkinbrands.otgo
I love the Dunkin app. I just wish that while I order in person it automatically gives me rewards because I have to always scan the rewards app seperate. I tend to forget about that.,5,2026-07-22 22:31:08,com.dunkinbrands.otgo
"great app and easy to use. Much easier to order, pick up and be gone",5,2026-07-22 20:10:39,com.dunkinbrands.otgo
"declines transactions with app error. charges cc then credits. Why is this not working? I've done all steps to clear on my end even deleted and reinstalled. Paid in person, they scanned app for the purchase and nothing credited to account. I've emailed, they ask for ridiculous detail then no response!!! Now no 100 points on Mon. Just 50. They increased the points for rewards. Absolutely disappointing experience. Had app 1 year and always a problem. AND NOW ADS!! Crazy.",1,2026-07-22 19:32:37,com.dunkinbrands.otgo
Breaks constantly,1,2026-07-22 16:57:23,com.dunkinbrands.otgo
love dunkin,5,2026-07-22 15:32:13,com.dunkinbrands.otgo
I love that there are now more options for cashing in rewards! very easy to use and I also love the deals,5,2026-07-22 15:18:49,com.dunkinbrands.otgo
The worst!!! system glitches and the customer service is absolutely horrible! they argue with you treat you like absolute garbage they will hang up with you steal money from you I'm am 100% done with this company,1,2026-07-22 15:15:20,com.dunkinbrands.otgo
Its the best coffee the best refreshers!,5,2026-07-22 14:20:48,com.dunkinbrands.otgo
nothing beats dunkin in the morning or anytime,5,2026-07-22 13:12:20,com.dunkinbrands.otgo
love your Dunkins,5,2026-07-22 11:09:10,com.dunkinbrands.otgo
I wanna pay with my card booo to reloading 10 bucks,3,2026-07-22 00:36:50,com.dunkinbrands.otgo
"it's very convenient for me when I'm on lunch,I can always order ahead of time.instead of just standing in line all day",5,2026-07-21 21:52:10,com.dunkinbrands.otgo
good,5,2026-07-21 21:30:35,com.dunkinbrands.otgo
I ❤️ Dunkin'!!!,5,2026-07-21 20:09:19,com.dunkinbrands.otgo
love it,5,2026-07-21 17:57:06,com.dunkinbrands.otgo
their employees are nice and I like their refreshers and when they have promos for free coffee or refresher,5,2026-07-21 17:44:06,com.dunkinbrands.otgo
can't order chocolate milk,4,2026-07-21 17:31:39,com.dunkinbrands.otgo
"they didn't Microwave my sandwich long enough, had to take it to work to get it to the proper temp. 07/21/26",3,2026-07-21 17:19:23,com.dunkinbrands.otgo
"Someone has been stealing the change on my Dunkin card in the app using the scan/pay which I never do (I only use mobile ordering), I called Dunkin for help and they hung up on me...",1,2026-07-21 16:03:38,com.dunkinbrands.otgo
overall app does the job. but has now started sourcing random ads when you make a purchase? not dunkin products but banking credit etc. like there paying customers time isnt vaulable.,3,2026-07-21 15:54:12,com.dunkinbrands.otgo
my kind of place Awesome 🎉,5,2026-07-21 15:34:21,com.dunkinbrands.otgo
"Used the app for years with minimal issues but ever since last week I get an error when I try to reload my card (using the same saved cards I always use) saying to verify the card information & if still having issues contact my card company. I know it's not the cards as this is the only place I'm having issues, no matter which card I try. I have uninstalled and reinstalled the app, cleared cache. I even tried deleting all of my cards and re-adding them and it kicks back a technical error.",2,2026-07-21 13:40:29,com.dunkinbrands.otgo
LOVE having option to adjust quantities..including ice!!,5,2026-07-21 04:53:41,com.dunkinbrands.otgo
it'll be 5 stars if they do less foam,4,2026-07-21 04:07:46,com.dunkinbrands.otgo
Extremely unclear menus lead to orders being made and charged when I only wanted to see what was in my cart. Now it won't even let me cancel the order immediately afterwards? You can't even just look at the menu without having to go through the process of an order. Guess I just paid money for a drink I can't even pick up. Would rather go order in store.,1,2026-07-21 00:15:18,com.dunkinbrands.otgo
it's convenient where I go I love the service the people speak to you and place is clean the bathroom smells fresh.,5,2026-07-20 23:58:20,com.dunkinbrands.otgo
I love you Dunkin,5,2026-07-20 20:36:31,com.dunkinbrands.otgo
Temperance/Peaches great as always and Bella and Maddie and everyone! thank you!!!,5,2026-07-20 20:21:38,com.dunkinbrands.otgo
works!,5,2026-07-20 20:19:43,com.dunkinbrands.otgo
This app unfortunately does not apply any of the deals or codes. I have tried coming back to this after many months and it still does not work. I will add a deal for $7 to the cart without changing anything and it will try to charge me $12 (undiscounted price) I live very close to a location and would like to use this more but it simply doesnt work and I hope this feedback makes it back to the devs.,1,2026-07-20 20:12:22,com.dunkinbrands.otgo
Edit** the app worked for 1 week and then stopped again. The dunkin support wanted dates and times and locations of when it was not working. who knows the specific times? so ive given up. The app will not let me order. it will not let me add a new payment. it is not working at all. I can add to cart but it says unable to process every time. *** update. app is still not letting me order. 7/20,1,2026-07-20 18:46:30,com.dunkinbrands.otgo
The app has gotten worse for the last couple of years. It seems to intentionally make it very difficult to utilize rewards and very easy to permanently lose reward points.,2,2026-07-20 17:48:18,com.dunkinbrands.otgo
"Love the rewards, but I haven't been able to add a new card in several weeks. please fix this bug",4,2026-07-20 16:57:33,com.dunkinbrands.otgo
This app isn't compatible for my phone. Another app that has been fizzed out under Google Play that you can't use anymore on Samsung.,1,2026-07-20 16:52:51,com.dunkinbrands.otgo
They've started showing third-party ads after you place an order like some kind of sketchy mobile game. Absolutely pathetic. If the only reward for being a paying customer is shoving yet more ads down my throat I'll get my coffee elsewhere.,1,2026-07-20 16:00:39,com.dunkinbrands.otgo
Lack of customization,4,2026-07-20 15:27:37,com.dunkinbrands.otgo
"The crew over in the valrico store, it's so nice and they're always have everything ready, very rarely do I wait in line",5,2026-07-20 15:24:38,com.dunkinbrands.otgo
Ever since the last update I can't use the app to make purchases. I tried using google pay and my debt card. i keep getting error messages.,1,2026-07-20 15:19:26,com.dunkinbrands.otgo
"most times that I try to use a coupon offered by the app, I'm told it's not valid, even when it's completely valid.",2,2026-07-20 13:45:01,com.dunkinbrands.otgo
not good,5,2026-07-20 00:26:04,com.dunkinbrands.otgo
Craig is the best at Dunkin donuts Short Hills Mall 😉.,5,2026-07-19 23:18:59,com.dunkinbrands.otgo
"App is easy to navigate with all the options I use presented on screen when I launch the app. Offers are always updated and only on rare occasions when a promotion is running has the app not worked. Ads have started showing up after checkout, no qol update with it. Can we also move the map when ordering to it's own tab? I've placed orders quickly thinking I selected one of my favorites but then I can't be see it with the map in the way and order ahead as usual causing a location problem. Please",4,2026-07-19 19:35:57,com.dunkinbrands.otgo
Always easy to use but need to fix the payment feature so I can select the payment I want without having to do multiple steps.,4,2026-07-19 19:27:15,com.dunkinbrands.otgo
The staff in multiple locations are not trained in how to load money to the app. I can not order in advance and pay in the store.,3,2026-07-19 16:16:23,com.dunkinbrands.otgo
thr app is quick and easy to learn.. on the flip side it some times may not register your vist or points..,5,2026-07-19 16:04:35,com.dunkinbrands.otgo
cool.,5,2026-07-19 12:11:16,com.dunkinbrands.otgo
there should be a way for us to redeem points with receipt 😭😭,4,2026-07-19 03:00:33,com.dunkinbrands.otgo
does what it's supposed to do. can earn rewards too,5,2026-07-19 02:13:15,com.dunkinbrands.otgo
okay so this has been going on since February of 26. over a temporary phone number that I had 5 years ago. I validate my email I validate everything else but I'm still not allowed to use the app unless I can validate a temporary phone number I had 5 years ago even after contacting them I give them 2 months and they upgraded the security to something I can handle but the temporary phone number I keep asking them to help with. they loc themselves out of my wallet not me out of there restaurant.,1,2026-07-19 01:21:16,com.dunkinbrands.otgo
"if you need that coffee infusion, Scooters can help you with that. very tasty coffee and sweet treats. Thier Ap needs a major R&D. It is clumsy. Favorite items do not show up when placing an order. if thier ap could work as well as thier coffee tastes, it would be a 5-Star",4,2026-07-27 00:00:50,com.trubeacon.scooters_mobile_android
I love the fact that I can have coffee at my fingertips at any time that I want.,5,2026-07-26 20:29:05,com.trubeacon.scooters_mobile_android
Awesome coffee with lots of non dairy and sugar free options! It would be convenient if there was an option to save favorite customized items for quick ordering. 😁,4,2026-07-26 00:26:58,com.trubeacon.scooters_mobile_android
love peanut butter oreo blender!!,5,2026-07-25 22:06:56,com.trubeacon.scooters_mobile_android
love this place,5,2026-07-25 18:35:32,com.trubeacon.scooters_mobile_android
here every day!! love this plaaaaace,5,2026-07-25 16:41:32,com.trubeacon.scooters_mobile_android
"I ordered the same drink everyday everyday and they cannot get it right. why sometimes I order something and they give me what I order the right way and the next day it's not right. example, all I wanted in my strawberry banana smoothie was extra like mocha drizzle, protein powder and espresso. they made my drink again today. they didn't put espresso in it and argued with me that they did when I couldn't even taste espresso. when they make it right. then they charge me an extra $4 just so..",1,2026-07-24 16:48:28,com.trubeacon.scooters_mobile_android
"App does not work, at least not for my area. Wouldn't process my card the first time i downloaded months ago. Now, it won't let me look at my cart.",1,2026-07-24 07:22:04,com.trubeacon.scooters_mobile_android
"doesnt let me log in. reinstalled multiple times, changed passwords and all it does is load infinitely. even when logging in with a ""1 time use email"" it literally just sends me to the app page to download the app that I ALREADY HAVE. Did some research and this has been going on for years. To think im doing all this for some damn fruity drink is crazy. would give 0 stars but cant even do that. Waste of play store space. 🤪",1,2026-07-23 21:08:04,com.trubeacon.scooters_mobile_android
please make it so we can view our past orders and reorder the same order. also why were the sliders removed from the app?,3,2026-07-22 18:50:19,com.trubeacon.scooters_mobile_android
I love there coffee and service,5,2026-07-22 00:42:37,com.trubeacon.scooters_mobile_android
The whole point of being able to order head is for it to be ready when I arrive. No incentive to use the app if I still have to wait for it. immediately uninstalled it.,4,2026-07-19 13:25:55,com.trubeacon.scooters_mobile_android
everything is good,5,2026-07-17 22:25:21,com.trubeacon.scooters_mobile_android
lovely and creative 👌,5,2026-07-15 15:27:29,com.trubeacon.scooters_mobile_android
I LOVE THEIR CARAMELICIOUS BLENDER!!! 😋 NO MORE STARBUCKS!!! 😬 SCOOTERS IS WAY BETTER!!! 💯🤩😋,5,2026-07-14 08:00:38,com.trubeacon.scooters_mobile_android
need better app customer service!,3,2026-07-13 20:23:10,com.trubeacon.scooters_mobile_android
"This was absolutely fun to do this. Is a good way to earn extra points very creative. I enjoyed having fun. Thank you, I love scooters coffee, especially.\n The turtle blended the best.",5,2026-07-13 17:49:41,com.trubeacon.scooters_mobile_android
"absolutely love this app, and it's best coffee ever",5,2026-07-13 16:14:56,com.trubeacon.scooters_mobile_android
I am not a coffee person by nature. This coffee is making me a coffee person!,5,2026-07-13 03:02:19,com.trubeacon.scooters_mobile_android
love this app and the coffee place,5,2026-07-12 07:58:32,com.trubeacon.scooters_mobile_android
very good drinks,5,2026-07-11 21:45:04,com.trubeacon.scooters_mobile_android
"good, but expensive",3,2026-07-09 23:26:01,com.trubeacon.scooters_mobile_android
I love this coffee place,5,2026-07-09 21:56:43,com.trubeacon.scooters_mobile_android
I like them,5,2026-07-09 18:29:57,com.trubeacon.scooters_mobile_android
I love the way you people help people with their money and the orders you have done for them,5,2026-07-08 00:35:54,com.trubeacon.scooters_mobile_android
nice and friendly employees. They make my day because of the friendliness in the drive in,5,2026-07-05 03:23:41,com.trubeacon.scooters_mobile_android
you guys are awesome but please put delivery in the app please because some of us don't have vehicles.,5,2026-07-04 13:56:33,com.trubeacon.scooters_mobile_android
An easy APP,5,2026-07-01 00:47:12,com.trubeacon.scooters_mobile_android
they did some type of update that fked the whole app cannot order on app. so I will go elsewhere.,1,2026-06-28 15:27:11,com.trubeacon.scooters_mobile_android
"This app will not open on my phone. I have gift cards saved in the app, and I cannot access the money. There are deals you get for ordering on the app, but I cannot get those deals. I get a red screen with the logo in the middle, that is all. I don't know what happened to this app in the last month or so, but I know I've been trying out other places for coffee.",1,2026-06-27 21:58:49,com.trubeacon.scooters_mobile_android
delicious coffee!! lovely service too! i love the jokes of the day,5,2026-06-26 18:13:59,com.trubeacon.scooters_mobile_android
love this place one of my favorites,5,2026-06-24 22:30:32,com.trubeacon.scooters_mobile_android
inconsistent product never get the same drink twice,3,2026-06-19 23:23:31,com.trubeacon.scooters_mobile_android
Staff here are amazing and quick!,5,2026-06-19 15:34:08,com.trubeacon.scooters_mobile_android
Never been able to login.,2,2026-06-18 17:41:54,com.trubeacon.scooters_mobile_android
the apps not working for the last 2 days so I deleted it to reinstall it and now it's just doing that little circle loading thing what the heck,1,2026-06-18 14:12:06,com.trubeacon.scooters_mobile_android
how to get app can't get it to work.,3,2026-06-17 07:44:42,com.trubeacon.scooters_mobile_android
Love the Ice Coffee,5,2026-06-16 07:39:15,com.trubeacon.scooters_mobile_android
I love scooter my go to,5,2026-06-14 18:16:45,com.trubeacon.scooters_mobile_android
best way to get your coffee,5,2026-06-14 00:11:59,com.trubeacon.scooters_mobile_android
"you guys need a cancel button in the app. didn't know a location closed at 8:30pm, arrived to pick up my mobile order right at 8:30pm and they were closed. so I didn't get my order and didn't get a refund. 🥺 PLEASE put a cancel button in the app!!!!",1,2026-06-13 03:36:03,com.trubeacon.scooters_mobile_android
"They had a seasonal item called ""Grandma's Nutt Latte"" just saying 💀",5,2026-06-10 00:34:38,com.trubeacon.scooters_mobile_android
"i enjoy using the app, but there have been a few times where it wont let me place my order because there is a problem with something in my cart, but it wont tell me what, then when I go to the drive thru, all the items i had in my cart are available. its irritating cause i then get less points when my rewards are scanned.",4,2026-06-09 22:08:33,com.trubeacon.scooters_mobile_android
I like the app but it could use some improvements. One is when you choose different payment have an ok button instead of just hitting the back button. I would also like to be able to mark my favorite drinks so they show in a place for easy re-order.,4,2026-06-09 21:25:27,com.trubeacon.scooters_mobile_android
keeps glitching,2,2026-06-09 18:34:31,com.trubeacon.scooters_mobile_android
"idk where else to say this but the Cherry Cove Rebull Infusion is broken in the app. It says ""Choose Flavors: Two Minimum"" but the only option is coconut so it's impossible to order the cherry cove thru the app for pick up. have to make my app order plus an additional order at the window. hope it can get fixed.",1,2026-06-06 18:54:27,com.trubeacon.scooters_mobile_android
"easy to process and start orders, but doesnt have the full menu to choose from.",2,2026-06-05 16:21:08,com.trubeacon.scooters_mobile_android
I had to go back through to get my order right and they didn't give me my points for my birthday or my bar for my ride or die day,1,2026-06-03 10:05:41,com.trubeacon.scooters_mobile_android
I like the app and the blended coffees are fairly good as well however there's a shop across town that can give you a run for your money,5,2026-06-03 00:46:12,com.trubeacon.scooters_mobile_android
great coffee and great prices,5,2026-06-02 21:50:16,com.trubeacon.scooters_mobile_android
Really great app..!!!!,5,2026-06-01 22:41:42,com.trubeacon.scooters_mobile_android
wonderful drinks with nice people,5,2026-05-31 18:30:07,com.trubeacon.scooters_mobile_android
"way to difficult to get money back on orders, no way to cancel in app, have to call stores directly and then wait up to 2 weeks for your money back.",2,2026-05-29 02:12:43,com.trubeacon.scooters_mobile_android
Good service,5,2026-05-27 20:14:18,com.trubeacon.scooters_mobile_android
"Pretty good app, but it would be even better if the points you get for an order can be upfront so if you have 397 points and you need one more thing for 400, you no longer have to make two separate orders. Please also add an option to add decaf espresso to shakes!!! I wanna try the caramel cookie one but I only get the option for regular espresso which I can't have unfortunately.",4,2026-05-27 01:50:46,com.trubeacon.scooters_mobile_android
the coffee is so good,5,2026-05-25 03:00:14,com.trubeacon.scooters_mobile_android
Normally love the app but on the android version something happened with the last update and now cold foam is no longer an option for any of the cold drinks excluding the iced s'mores latte the just added to the menu. I've sent two emails to the contact email but no replies so far. 5/23/26 Having this issue once again. really annoying.,1,2026-05-23 17:19:09,com.trubeacon.scooters_mobile_android
my Daughters & Grandaughters like your coffees,4,2026-05-23 08:09:06,com.trubeacon.scooters_mobile_android
Hamilton Scooters have some of the best employees... Always happy to help you and they are never without smiles 😃 😊,5,2026-05-18 17:41:02,com.trubeacon.scooters_mobile_android
yum!,5,2026-05-18 10:19:06,com.trubeacon.scooters_mobile_android
To coffee so good here,5,2026-05-17 17:50:46,com.trubeacon.scooters_mobile_android
scooters coffee is my personal favorite coffee place! employees are nice and i always get a smile on my face from there coffee! i recommend them whole heartedly!,5,2026-05-14 18:30:44,com.trubeacon.scooters_mobile_android
love their coffee,5,2026-05-14 15:36:18,com.trubeacon.scooters_mobile_android
"we love scooters, in this house and we usually go there everyday",5,2026-05-13 22:46:51,com.trubeacon.scooters_mobile_android
I love the Girls in the morning.,5,2026-05-12 17:11:07,com.trubeacon.scooters_mobile_android
amazing,5,2026-05-12 01:33:09,com.trubeacon.scooters_mobile_android
I Love using the App! I like being able to see all the flavor and drink options available as well! I just wish there was an option to put No Ice in the Drinks Online!,4,2026-05-10 22:37:49,com.trubeacon.scooters_mobile_android
I love my scooters! But I have a problem with being charged different price for the same drink. I always get the Blended sugar free Strawberry Mocha with whip and drizzle! I've been charged from 6.95 to 9.95 . Please explain how this is happening??? 😔,4,2026-05-08 02:45:24,com.trubeacon.scooters_mobile_android
tried it for the first time just cause the name and est. year is my mans nickname and birth year and it's a 10/10 was actually better than Starbucks.,5,2026-05-06 06:18:14,com.trubeacon.scooters_mobile_android
"App is cool to see new drinks available, but needs Gpay/Venmo/PayPal for payment options. Reloading a gift card or putting in a credit card number is not ideal",1,2026-05-06 05:49:40,com.trubeacon.scooters_mobile_android
excellent service,5,2026-05-05 18:08:44,com.trubeacon.scooters_mobile_android
very polite and fast,5,2026-05-04 13:16:14,com.trubeacon.scooters_mobile_android
our favorite location is on Forest Home Avenue The staff there are always friendly 😊 thank you for being fantastic ❤️,5,2026-05-03 16:37:18,com.trubeacon.scooters_mobile_android
love the scooter loyalty points in their app,5,2026-05-01 23:16:56,com.trubeacon.scooters_mobile_android
"I'll give this five stars when we get to choose more than one flavor in the app when it comes to ""Additional flavoring"". Sometimes I wanna add some simple syrup WITH an actual flavor. Please fix!",4,2026-04-28 16:42:54,com.trubeacon.scooters_mobile_android
awesome drinks love it !,5,2026-04-27 03:50:05,com.trubeacon.scooters_mobile_android
my favorite place for coffee and healthy smoothies.,5,2026-04-26 21:31:52,com.trubeacon.scooters_mobile_android
love Scooters!,4,2026-04-25 14:05:50,com.trubeacon.scooters_mobile_android
great coffee and wonderful staff,5,2026-04-25 14:04:04,com.trubeacon.scooters_mobile_android
yummy,5,2026-04-24 19:58:15,com.trubeacon.scooters_mobile_android
"the best drinks, love them all",5,2026-04-23 17:51:53,com.trubeacon.scooters_mobile_android
"was awesome, every one there is very sweet and the coffee is best in Missouri",5,2026-04-23 17:23:45,com.trubeacon.scooters_mobile_android
"I love scooters , but it's 35 to 40 minutes from me. It's hard to enjoy it as much as I'd like. So... that being said, We need a Scooters in Hickory, NC 😃 😊 ❤️ 💙 💜",5,2026-04-21 01:12:03,com.trubeacon.scooters_mobile_android
I like the way it is set up and the service,5,2026-04-20 20:28:45,com.trubeacon.scooters_mobile_android
scooter's have good drinks,5,2026-04-17 20:50:26,com.trubeacon.scooters_mobile_android
yes 💯 payed for u lol wright,5,2026-04-16 05:37:27,com.trubeacon.scooters_mobile_android
My Favorite!! Love all the options! Blender...yes please!,5,2026-04-16 05:02:33,com.trubeacon.scooters_mobile_android
app is no longer compatible with my phone,1,2026-04-15 01:04:57,com.trubeacon.scooters_mobile_android
vey nice staff on N.Rhett,5,2026-04-14 17:19:45,com.trubeacon.scooters_mobile_android
I have always had great service from Scooter's!,5,2026-04-12 17:21:28,com.trubeacon.scooters_mobile_android
Absolutely Love This Place and ALL of the Team ❤️❤️❤️,5,2026-04-12 17:05:08,com.trubeacon.scooters_mobile_android
Best coffee ever,5,2026-04-12 16:38:20,com.trubeacon.scooters_mobile_android
The smile points expire. No bueno. Caribou coffee points do not.,1,2026-04-12 16:24:33,com.trubeacon.scooters_mobile_android
UPDATE. Like your improvements. would also enjoy being able to see a membership number so info can be manually added to wallet as well.,3,2026-04-08 00:12:20,com.trubeacon.scooters_mobile_android
app not scanning or giving me my points,1,2026-04-05 21:45:33,com.trubeacon.scooters_mobile_android
"Best coffees!! Great little snacks. Best of all amazing , friendly service - would give 10 stars 🤩",5,2026-04-05 05:38:34,com.trubeacon.scooters_mobile_android
don't see the point of using the app if your points expire 220 points expired this month I didn't know until I was going to redeem a free drink,1,2026-04-04 01:45:34,com.trubeacon.scooters_mobile_android
It wouldn't let me sign in and it wouldn't let me reset my password so I'm just deleting the app And I'm going to go somewhere else. I have a lot of other coffee choices in my area.,1,2026-04-03 17:18:38,com.trubeacon.scooters_mobile_android
I'm so thankful Scooters coffee came to Clover 🍀 SC I'm a Carmailious lover. I don't know how the loyalty program works and would like to know where to find the information on it. 😊,5,2026-04-02 16:16:24,com.trubeacon.scooters_mobile_android
love there coffee they make right,5,2026-04-01 21:20:25,com.trubeacon.scooters_mobile_android
